{
  "project_info": {
    "project_number": "173256006711",
    "project_id": "primer-parcial-45904",
    "storage_bucket": "primer-parcial-45904.appspot.com"
  },
  "client": [
    {
      "client_info": {
        "mobilesdk_app_id": "1:173256006711:android:8f61320d6e3892b8da73b2",
        "android_client_info": {
          "package_name": "com.example.primer_parcial"
        }
      },
      "oauth_client": [],
      "api_key": [
        {
          "current_key": "AIzaSyAoH0X-cAbDXrJYVnGtOpJamUhuCkvEcOg"
        }
      ],
      "services": {
        "appinvite_service": {
          "other_platform_oauth_client": []
        }
      }
    }
  ],
  "configuration_version": "1"
}